date,call_id,ticker,stance,status,days_elapsed,start_date,start_close,close,stock_return,call_return,sector_etf,sector_start,sector_close,sector_return,excess_sector,spy_start,spy_close,spy_return,excess_spy,target_price,progress_to_target,thresholds_crossed,flags,computed_at
2026-09-10,HIMS-2026-09-12-1,HIMS,avoid,ok,0,2026-09-10,27.44,27.44,0,,XLV,165.660004,165.660004,0,0,7591.700195,7591.700195,0,0,22,0,,,2026-09-24T23:25:27+00:00
2026-09-11,HIMS-2026-09-12-1,HIMS,avoid,ok,1,2026-09-10,27.44,27.51,0.002551,,XLV,165.660004,165.360001,-0.001811,-0.004362,7591.700195,7656.97998,0.008599,0.006048,22,-0.012868,,,2026-09-24T23:25:27+00:00
2026-09-14,HIMS-2026-09-12-1,HIMS,avoid,ok,4,2026-09-10,27.44,28.81,0.049927,,XLV,165.660004,167.75,0.012616,-0.037311,7591.700195,7619.97998,0.003725,-0.046202,22,-0.251838,,,2026-09-24T23:25:27+00:00
2026-09-15,HIMS-2026-09-12-1,HIMS,avoid,ok,5,2026-09-10,27.44,27.85,0.014942,,XLV,165.660004,167.660004,0.012073,-0.002869,7591.700195,7585.72998,-0.000786,-0.015728,22,-0.075368,,,2026-09-24T23:25:27+00:00
2026-09-16,HIMS-2026-09-12-1,HIMS,avoid,ok,6,2026-09-10,27.44,28,0.020408,,XLV,165.660004,167.770004,0.012737,-0.007671,7591.700195,7551.810059,-0.005254,-0.025663,22,-0.102941,,,2026-09-24T23:25:27+00:00
2026-09-17,HIMS-2026-09-12-1,HIMS,avoid,ok,7,2026-09-10,27.44,27.89,0.016399,,XLV,165.660004,168.809998,0.019015,0.002615,7591.700195,7637.759766,0.006067,-0.010332,22,-0.082721,,,2026-09-24T23:25:27+00:00
2026-09-18,HIMS-2026-09-12-1,HIMS,avoid,ok,8,2026-09-10,27.44,27.99,0.020044,,XLV,165.660004,168.389999,0.01648,-0.003564,7591.700195,7650.5,0.007745,-0.012298,22,-0.101103,,,2026-09-24T23:25:27+00:00
2026-09-21,HIMS-2026-09-12-1,HIMS,avoid,ok,11,2026-09-10,27.44,29.35,0.069606,,XLV,165.660004,169.009995,0.020222,-0.049384,7591.700195,7764.700195,0.022788,-0.046818,22,-0.351103,,,2026-09-24T23:25:27+00:00
2026-09-22,HIMS-2026-09-12-1,HIMS,avoid,partial,12,2026-09-10,27.44,30.43,0.108965,,XLV,165.660004,,,,7591.700195,,,,22,-0.549632,,no stored XLV close on 2026-09-22; no stored ^GSPC close on 2026-09-22,2026-09-24T23:25:27+00:00
2026-09-23,HIMS-2026-09-12-1,HIMS,avoid,ok,13,2026-09-10,27.44,28.39,0.034621,,XLV,165.660004,168.800003,0.018954,-0.015667,7591.700195,7706.029785,0.01506,-0.019561,22,-0.174632,,,2026-09-24T23:25:27+00:00
2026-09-24,HIMS-2026-09-12-1,HIMS,avoid,ok,14,2026-09-10,27.44,29.28,0.067055,,XLV,165.660004,169.869995,0.025413,-0.041642,7591.700195,7704.129883,0.01481,-0.052246,22,-0.338235,,,2026-09-24T23:25:27+00:00
2026-09-10,CF-2026-09-12-1,CF,long,ok,0,2026-09-10,135.11,135.11,0,0,XLB,50.759998,50.759998,0,0,7591.700195,7591.700195,0,0,152,0,,,2026-09-24T23:25:27+00:00
2026-09-11,CF-2026-09-12-1,CF,long,ok,1,2026-09-10,135.11,133.07,-0.015099,-0.015099,XLB,50.759998,50.950001,0.003743,-0.018842,7591.700195,7656.97998,0.008599,-0.023698,152,-0.120782,,,2026-09-24T23:25:27+00:00
2026-09-14,CF-2026-09-12-1,CF,long,ok,4,2026-09-10,135.11,131.24,-0.028643,-0.028643,XLB,50.759998,50.490002,-0.005319,-0.023324,7591.700195,7619.97998,0.003725,-0.032368,152,-0.22913,,,2026-09-24T23:25:27+00:00
2026-09-15,CF-2026-09-12-1,CF,long,ok,5,2026-09-10,135.11,135.54,0.003183,0.003183,XLB,50.759998,50.73,-0.000591,0.003774,7591.700195,7585.72998,-0.000786,0.003969,152,0.025459,,,2026-09-24T23:25:27+00:00
2026-09-16,CF-2026-09-12-1,CF,long,ok,6,2026-09-10,135.11,131.99,-0.023092,-0.023092,XLB,50.759998,50.360001,-0.00788,-0.015212,7591.700195,7551.810059,-0.005254,-0.017838,152,-0.184725,,,2026-09-24T23:25:27+00:00
2026-09-17,CF-2026-09-12-1,CF,long,ok,7,2026-09-10,135.11,133.82,-0.009548,-0.009548,XLB,50.759998,50.709999,-0.000985,-0.008563,7591.700195,7637.759766,0.006067,-0.015615,152,-0.076377,,,2026-09-24T23:25:27+00:00
2026-09-18,CF-2026-09-12-1,CF,long,ok,8,2026-09-10,135.11,127.7,-0.054844,-0.054844,XLB,50.759998,49.990002,-0.015169,-0.039675,7591.700195,7650.5,0.007745,-0.062589,152,-0.438721,,,2026-09-24T23:25:27+00:00
2026-09-21,CF-2026-09-12-1,CF,long,ok,11,2026-09-10,135.11,123.27,-0.087632,-0.087632,XLB,50.759998,49.709999,-0.020686,-0.066947,7591.700195,7764.700195,0.022788,-0.11042,152,-0.701007,,,2026-09-24T23:25:27+00:00
2026-09-22,CF-2026-09-12-1,CF,long,skipped,12,2026-09-10,135.11,,,,XLB,50.759998,,,,7591.700195,,,,152,,,no stored close for CF on 2026-09-22; no stored XLB close on 2026-09-22; no stored ^GSPC close on 2026-09-22,2026-09-24T23:25:27+00:00
2026-09-23,CF-2026-09-12-1,CF,long,ok,13,2026-09-10,135.11,120.64,-0.107098,-0.107098,XLB,50.759998,50.279999,-0.009456,-0.097642,7591.700195,7706.029785,0.01506,-0.122158,152,-0.85672,,,2026-09-24T23:25:27+00:00
2026-09-24,CF-2026-09-12-1,CF,long,ok,14,2026-09-10,135.11,118.44,-0.123381,-0.123381,XLB,50.759998,49.68,-0.021277,-0.102104,7591.700195,7704.129883,0.01481,-0.138191,152,-0.986975,,,2026-09-24T23:25:27+00:00
2026-09-18,CF-2026-09-19-2,CF,avoid,ok,0,2026-09-18,127.7,127.7,0,,XLB,49.990002,49.990002,0,0,7650.5,7650.5,0,0,104,0,,,2026-09-24T23:25:27+00:00
2026-09-21,CF-2026-09-19-2,CF,avoid,ok,3,2026-09-18,127.7,123.27,-0.034691,,XLB,49.990002,49.709999,-0.005601,0.02909,7650.5,7764.700195,0.014927,0.049618,104,0.18692,,,2026-09-24T23:25:27+00:00
2026-09-22,CF-2026-09-19-2,CF,avoid,skipped,4,2026-09-18,127.7,,,,XLB,49.990002,,,,7650.5,,,,104,,,no stored close for CF on 2026-09-22; no stored XLB close on 2026-09-22; no stored ^GSPC close on 2026-09-22,2026-09-24T23:25:27+00:00
2026-09-23,CF-2026-09-19-2,CF,avoid,ok,5,2026-09-18,127.7,120.64,-0.055286,,XLB,49.990002,50.279999,0.005801,0.061087,7650.5,7706.029785,0.007258,0.062544,104,0.29789,,,2026-09-24T23:25:27+00:00
2026-09-24,CF-2026-09-19-2,CF,avoid,ok,6,2026-09-18,127.7,118.44,-0.072514,,XLB,49.990002,49.68,-0.006201,0.066312,7650.5,7704.129883,0.00701,0.079524,104,0.390717,,,2026-09-24T23:25:27+00:00
2026-09-22,HIMS-2026-09-22-2,HIMS,avoid,partial,0,2026-09-22,30.43,30.43,0,,XLV,,,,,,,,,22,0,,no stored XLV close on 2026-09-22; no stored ^GSPC close on 2026-09-22,2026-09-24T23:25:27+00:00
2026-09-23,HIMS-2026-09-22-2,HIMS,avoid,partial,1,2026-09-22,30.43,28.39,-0.067039,,XLV,,168.800003,,,,7706.029785,,,22,0.241993,,no stored XLV close on 2026-09-22; no stored ^GSPC close on 2026-09-22,2026-09-24T23:25:27+00:00
2026-09-24,HIMS-2026-09-22-2,HIMS,avoid,partial,2,2026-09-22,30.43,29.28,-0.037792,,XLV,,169.869995,,,,7704.129883,,,22,0.136418,,no stored XLV close on 2026-09-22; no stored ^GSPC close on 2026-09-22,2026-09-24T23:25:27+00:00
2026-09-25,HIMS-2026-09-12-1,HIMS,avoid,partial,15,2026-09-10,27.44,29.42,0.072157,,XLV,165.660004,,,,7591.700195,,,,22,-0.363971,,no stored XLV close on 2026-09-25; no stored ^GSPC close on 2026-09-25,2026-09-25T23:22:37+00:00
2026-09-22,CF-2026-09-12-1,CF,long,partial,12,2026-09-10,135.11,120.59,-0.107468,-0.107468,XLB,50.759998,,,,7591.700195,,,,152,-0.85968,,no stored XLB close on 2026-09-22; no stored ^GSPC close on 2026-09-22,2026-09-25T23:22:37+00:00
2026-09-25,CF-2026-09-12-1,CF,long,partial,15,2026-09-10,135.11,114.67,-0.151284,-0.151284,XLB,50.759998,,,,7591.700195,,,,152,-1.210184,,no stored XLB close on 2026-09-25; no stored ^GSPC close on 2026-09-25,2026-09-25T23:22:37+00:00
2026-09-22,CF-2026-09-19-2,CF,avoid,partial,4,2026-09-18,127.7,120.59,-0.055677,,XLB,49.990002,,,,7650.5,,,,104,0.3,,no stored XLB close on 2026-09-22; no stored ^GSPC close on 2026-09-22,2026-09-25T23:22:37+00:00
2026-09-25,CF-2026-09-19-2,CF,avoid,partial,7,2026-09-18,127.7,114.67,-0.102036,,XLB,49.990002,,,,7650.5,,,,104,0.549789,,no stored XLB close on 2026-09-25; no stored ^GSPC close on 2026-09-25,2026-09-25T23:22:37+00:00
2026-09-25,HIMS-2026-09-22-2,HIMS,avoid,partial,3,2026-09-22,30.43,29.42,-0.033191,,XLV,,,,,,,,,22,0.11981,,no stored XLV close on 2026-09-22; no stored ^GSPC close on 2026-09-22,2026-09-25T23:22:37+00:00
