filed,ticker,cik,form,doc_kind,items,accession,exhibit,text_path,text_chars,recorded_at
2026-02-26,MPC,1510295,10-K,business,1,0001510295-26-000009-business,,text/MPC/0001510295-26-000009-business.txt,26000,2026-09-12T23:04:50+00:00
2026-02-26,MPC,1510295,10-K,risk_factors,1A,0001510295-26-000009-risk_factors,,text/MPC/0001510295-26-000009-risk_factors.txt,42000,2026-09-12T23:04:50+00:00
2026-08-04,MPC,1510295,10-Q,segment_note,Segment Information,0001510295-26-000061,,text/MPC/0001510295-26-000061-segment.txt,14308,2026-09-12T23:04:50+00:00
2026-02-25,CF,1324404,10-K,business,1,0001324404-26-000007-business,,text/CF/0001324404-26-000007-business.txt,26000,2026-09-12T23:04:50+00:00
2026-02-25,CF,1324404,10-K,risk_factors,1A,0001324404-26-000007-risk_factors,,text/CF/0001324404-26-000007-risk_factors.txt,41999,2026-09-12T23:04:50+00:00
2026-08-06,CF,1324404,10-Q,segment_note,Segment Disclosures,0001324404-26-000019,,text/CF/0001324404-26-000019-segment.txt,13474,2026-09-12T23:04:50+00:00
2025-10-31,AAPL,320193,10-K,business,1,0000320193-25-000079-business,,text/AAPL/0000320193-25-000079-business.txt,16050,2026-09-12T23:04:50+00:00
2025-10-31,AAPL,320193,10-K,risk_factors,1A,0000320193-25-000079-risk_factors,,text/AAPL/0000320193-25-000079-risk_factors.txt,42000,2026-09-12T23:04:50+00:00
2026-07-31,AAPL,320193,10-Q,segment_note,Segment Information,0000320193-26-000020,,text/AAPL/0000320193-26-000020-segment.txt,9193,2026-09-12T23:04:50+00:00
2026-02-20,KO,21344,10-K,business,1,0001628280-26-010047-business,,text/KO/0001628280-26-010047-business.txt,26000,2026-09-12T23:04:50+00:00
2026-02-20,KO,21344,10-K,risk_factors,1A,0001628280-26-010047-risk_factors,,text/KO/0001628280-26-010047-risk_factors.txt,42000,2026-09-12T23:04:50+00:00
2026-07-29,KO,21344,10-Q,segment_note,OPERATING SEGMENTS,0001628280-26-050503,,text/KO/0001628280-26-050503-segment.txt,10631,2026-09-12T23:04:50+00:00
2026-02-13,JPM,19617,10-K,business,1,0001628280-26-008131-business,,text/JPM/0001628280-26-008131-business.txt,25999,2026-09-12T23:04:50+00:00
2026-02-13,JPM,19617,10-K,risk_factors,1A,0001628280-26-008131-risk_factors,,text/JPM/0001628280-26-008131-risk_factors.txt,42000,2026-09-12T23:04:50+00:00
2026-08-06,JPM,19617,10-Q,segment_note,Business Segments & Corporate,0001628280-26-054343,,text/JPM/0001628280-26-054343-segment.txt,16340,2026-09-12T23:04:50+00:00
2026-02-27,YELP,1345016,10-K,business,1,0001345016-26-000019-business,,text/YELP/0001345016-26-000019-business.txt,26000,2026-09-12T23:04:50+00:00
2026-02-27,YELP,1345016,10-K,risk_factors,1A,0001345016-26-000019-risk_factors,,text/YELP/0001345016-26-000019-risk_factors.txt,42000,2026-09-12T23:04:50+00:00
2026-09-11,AXR,6207,8-K,earnings_release,"2.02,5.02,5.07,9.01",0001104659-26-107091,tm2625105d1_ex99-1.htm,text/AXR/0001104659-26-107091.txt,1863,2026-09-12T20:03:28-04:00
2026-07-24,AXR,6207,10-K,business,1,0001104659-26-086659-business,,text/AXR/0001104659-26-086659-business.txt,15423,2026-09-12T20:03:28-04:00
2026-09-11,BUKS,15847,8-K,earnings_release,"2.02,9.01",0000015847-26-000044,buks-exx99x73126pressrelea.htm,text/BUKS/0000015847-26-000044.txt,14521,2026-09-12T20:03:28-04:00
2026-07-08,BUKS,15847,10-K,business,1,0000015847-26-000020-business,,text/BUKS/0000015847-26-000020-business.txt,21503,2026-09-12T20:03:28-04:00
2026-07-08,BUKS,15847,10-K,risk_factors,1A,0000015847-26-000020-risk_factors,,text/BUKS/0000015847-26-000020-risk_factors.txt,42000,2026-09-12T20:03:28-04:00
2026-09-11,BUKS,15847,10-Q,segment_note,Disaggregation of Revenue,0000015847-26-000042,,text/BUKS/0000015847-26-000042-segment.txt,1893,2026-09-12T20:03:28-04:00
2026-09-11,BNC,1482541,8-K,earnings_release,"2.02,9.01",0001482541-26-000053,bnc-2026x09x11xpr.htm,text/BNC/0001482541-26-000053.txt,11427,2026-09-12T20:03:28-04:00
2026-06-23,BNC,1482541,10-K,business,1,0001482541-26-000019-business,,text/BNC/0001482541-26-000019-business.txt,26000,2026-09-12T20:03:28-04:00
2026-06-23,BNC,1482541,10-K,risk_factors,1A,0001482541-26-000019-risk_factors,,text/BNC/0001482541-26-000019-risk_factors.txt,42000,2026-09-12T20:03:28-04:00
2026-09-11,JVA,1007019,8-K,earnings_release,"2.02,9.01",0001493152-26-042312,ex99-1.htm,text/JVA/0001493152-26-042312.txt,15211,2026-09-12T20:03:28-04:00
2026-01-28,JVA,1007019,10-K,business,1,0001493152-26-004052-business,,text/JVA/0001493152-26-004052-business.txt,23859,2026-09-12T20:03:28-04:00
2026-01-28,JVA,1007019,10-K,risk_factors,1A,0001493152-26-004052-risk_factors,,text/JVA/0001493152-26-004052-risk_factors.txt,42000,2026-09-12T20:03:28-04:00
2026-09-11,JVA,1007019,10-Q,segment_note,SEGMENT INFORMATION,0001493152-26-042313,,text/JVA/0001493152-26-042313-segment.txt,8987,2026-09-12T20:03:28-04:00
2026-09-11,FREVS,36840,8-K,earnings_release,"2.02,9.01",0001174947-26-000856,ex99-1.htm,text/FREVS/0001174947-26-000856.txt,13634,2026-09-12T20:03:28-04:00
2026-01-29,FREVS,36840,10-K,business,1,0001174947-26-000102-business,,text/FREVS/0001174947-26-000102-business.txt,26000,2026-09-12T20:03:28-04:00
2026-01-29,FREVS,36840,10-K,risk_factors,1A,0001174947-26-000102-risk_factors,,text/FREVS/0001174947-26-000102-risk_factors.txt,17836,2026-09-12T20:03:28-04:00
2026-09-11,FREVS,36840,10-Q,segment_note,Segment Information,0001174947-26-000858,,text/FREVS/0001174947-26-000858-segment.txt,9705,2026-09-12T20:03:28-04:00
2026-09-11,HOFT,1077688,8-K,earnings_release,"2.02,9.01",0001171843-26-005988,exh_991.htm,text/HOFT/0001171843-26-005988.txt,33661,2026-09-12T20:03:28-04:00
2026-04-17,HOFT,1077688,10-K,business,1,0001185185-26-001420-business,,text/HOFT/0001185185-26-001420-business.txt,25999,2026-09-12T20:03:28-04:00
2026-04-17,HOFT,1077688,10-K,risk_factors,1A,0001185185-26-001420-risk_factors,,text/HOFT/0001185185-26-001420-risk_factors.txt,34442,2026-09-12T20:03:28-04:00
2026-09-11,HOFT,1077688,10-Q,segment_note,Segment Information,0001185185-26-003941,,text/HOFT/0001185185-26-003941-segment.txt,16432,2026-09-12T20:03:28-04:00
2026-09-11,KR,56873,8-K,earnings_release,"2.02,9.01",0001104659-26-106890,tm2625060d1_ex99-1.htm,text/KR/0001104659-26-106890.txt,35249,2026-09-12T20:03:28-04:00
2026-03-31,KR,56873,10-K,business,1,0001104659-26-037723-business,,text/KR/0001104659-26-037723-business.txt,25999,2026-09-12T20:03:28-04:00
2026-03-31,KR,56873,10-K,risk_factors,1A,0001104659-26-037723-risk_factors,,text/KR/0001104659-26-037723-risk_factors.txt,39844,2026-09-12T20:03:28-04:00
2026-06-26,KR,56873,10-Q,segment_note,SEGMENT REPORTING,0001104659-26-078236,,text/KR/0001104659-26-078236-segment.txt,10877,2026-09-12T20:03:28-04:00
2026-09-11,CYCN,1755237,8-K,earnings_release,"1.01,2.01,2.02,3.02,3.03,5.01,5.02,5.03,5.05,5.06,7.01,9.01",0001193125-26-389318,d178159dex991.htm,text/CYCN/0001193125-26-389318.txt,8809,2026-09-12T20:03:28-04:00
2026-03-30,CYCN,1755237,10-K,business,1,0001193125-26-132193-business,,text/CYCN/0001193125-26-132193-business.txt,26000,2026-09-12T20:03:28-04:00
2026-09-11,FIZZ,69891,8-K,earnings_release,"2.02,9.01",0001437749-26-030186,ex_1014976.htm,text/FIZZ/0001437749-26-030186.txt,4371,2026-09-12T20:03:28-04:00
2026-07-01,FIZZ,69891,10-K,business,1,0001437749-26-022315-business,,text/FIZZ/0001437749-26-022315-business.txt,25528,2026-09-12T20:03:28-04:00
2026-07-01,FIZZ,69891,10-K,risk_factors,1A,0001437749-26-022315-risk_factors,,text/FIZZ/0001437749-26-022315-risk_factors.txt,9122,2026-09-12T20:03:28-04:00
2026-09-11,NOBH,72205,8-K,earnings_release,"2.02,9.01",0001193125-26-388929,d98350dex991.htm,text/NOBH/0001193125-26-388929.txt,9531,2026-09-12T20:03:28-04:00
2026-09-11,OCC,1000230,8-K,earnings_release,"2.02,9.01",0001437749-26-030174,ex_1014928.htm,text/OCC/0001437749-26-030174.txt,11829,2026-09-12T20:03:28-04:00
2025-12-18,OCC,1000230,10-K,business,1,0001437749-25-038228-business,,text/OCC/0001437749-25-038228-business.txt,26000,2026-09-12T20:03:28-04:00
2026-09-11,RENT,1468327,8-K,earnings_release,"2.02,9.01",0001468327-26-000086,q22026earningsrelease.htm,text/RENT/0001468327-26-000086.txt,29517,2026-09-12T20:03:28-04:00
2026-04-14,RENT,1468327,10-K,business,1,0001468327-26-000020-business,,text/RENT/0001468327-26-000020-business.txt,26000,2026-09-12T20:03:28-04:00
2026-04-14,RENT,1468327,10-K,risk_factors,1A,0001468327-26-000020-risk_factors,,text/RENT/0001468327-26-000020-risk_factors.txt,41999,2026-09-12T20:03:28-04:00
2026-09-10,FLWS,1084869,8-K,earnings_release,"1.01,2.02,9.01",0001084869-26-000024,flws-fiscal2026xexx99x1xfi.htm,text/FLWS/0001084869-26-000024.txt,34523,2026-09-12T20:03:28-04:00
2026-09-11,FLWS,1084869,10-K,segment_note,Business segments,0001084869-26-000029,,text/FLWS/0001084869-26-000029-segment.txt,13164,2026-09-12T20:03:28-04:00
2026-09-10,ADBE,796343,8-K,earnings_release,"2.02,9.01",0000796343-26-000147,adbeex991q326.htm,text/ADBE/0000796343-26-000147.txt,19597,2026-09-12T20:03:28-04:00
2026-01-15,ADBE,796343,10-K,business,1,0000796343-26-000003-business,,text/ADBE/0000796343-26-000003-business.txt,26000,2026-09-12T20:03:28-04:00
2026-01-15,ADBE,796343,10-K,risk_factors,1A,0000796343-26-000003-risk_factors,,text/ADBE/0000796343-26-000003-risk_factors.txt,41999,2026-09-12T20:03:28-04:00
2026-06-15,ADBE,796343,10-Q,segment_note,SEGMENT INFORMATION,0000796343-26-000112,,text/ADBE/0000796343-26-000112-segment.txt,9690,2026-09-12T20:03:28-04:00
2026-09-10,AENT,1823584,8-K,earnings_release,"2.02,7.01,9.01",0001493152-26-042245,ex99-1.htm,text/AENT/0001493152-26-042245.txt,28972,2026-09-12T20:03:28-04:00
2026-09-10,AENT,1823584,10-K,business,1,0001493152-26-042141-business,,text/AENT/0001493152-26-042141-business.txt,26000,2026-09-12T20:03:28-04:00
2026-09-10,AENT,1823584,10-K,risk_factors,1A,0001493152-26-042141-risk_factors,,text/AENT/0001493152-26-042141-risk_factors.txt,42000,2026-09-12T20:03:28-04:00
2026-09-10,AENT,1823584,10-K,segment_note,Segment Information,0001493152-26-042141,,text/AENT/0001493152-26-042141-segment.txt,9083,2026-09-12T20:03:28-04:00
2026-09-10,CSBR,771856,8-K,earnings_release,"2.02,9.01",0001628280-26-061383,csbr8-k7312026exhibit991xq1.htm,text/CSBR/0001628280-26-061383.txt,15130,2026-09-12T20:03:28-04:00
2026-07-27,CSBR,771856,10-K,business,1,0001628280-26-049834-business,,text/CSBR/0001628280-26-049834-business.txt,21851,2026-09-12T20:03:28-04:00
2026-07-27,CSBR,771856,10-K,risk_factors,1A,0001628280-26-049834-risk_factors,,text/CSBR/0001628280-26-049834-risk_factors.txt,36301,2026-09-12T20:03:28-04:00
2026-09-10,CPRT,900075,8-K,earnings_release,"2.02,9.01",0001193125-26-387902,cprt-ex99_1.htm,text/CPRT/0001193125-26-387902.txt,13542,2026-09-12T20:03:28-04:00
2025-09-26,CPRT,900075,10-K,business,1,0001628280-25-042946-business,,text/CPRT/0001628280-25-042946-business.txt,26000,2026-09-12T20:03:28-04:00
2025-09-26,CPRT,900075,10-K,risk_factors,1A,0001628280-25-042946-risk_factors,,text/CPRT/0001628280-25-042946-risk_factors.txt,42000,2026-09-12T20:03:28-04:00
2026-05-29,CPRT,900075,10-Q,segment_note,Segments and Other Geographic Reporting,0001193125-26-245578,,text/CPRT/0001193125-26-245578-segment.txt,10633,2026-09-12T20:03:28-04:00
2026-09-10,DBI,1319947,8-K,earnings_release,"2.02,8.01,9.01",0001319947-26-000048,q220268-kex991pressrelease.htm,text/DBI/0001319947-26-000048.txt,26477,2026-09-12T20:03:28-04:00
2026-03-30,DBI,1319947,10-K,business,1,0001319947-26-000022-business,,text/DBI/0001319947-26-000022-business.txt,25709,2026-09-12T20:03:28-04:00
2026-03-30,DBI,1319947,10-K,risk_factors,1A,0001319947-26-000022-risk_factors,,text/DBI/0001319947-26-000022-risk_factors.txt,42000,2026-09-12T20:03:28-04:00
2026-09-10,DBI,1319947,10-Q,segment_note,Segment Reporting,0001319947-26-000050,,text/DBI/0001319947-26-000050-segment.txt,11118,2026-09-12T20:03:28-04:00
2026-09-10,FEIM,39020,8-K,earnings_release,"2.02,9.01",0001185185-26-003916,feimex99-1.htm,text/FEIM/0001185185-26-003916.txt,10845,2026-09-12T20:03:28-04:00
2026-07-17,FEIM,39020,10-K,business,1,0001185185-26-002997-business,,text/FEIM/0001185185-26-002997-business.txt,26000,2026-09-12T20:03:28-04:00
2026-07-17,FEIM,39020,10-K,risk_factors,1A,0001185185-26-002997-risk_factors,,text/FEIM/0001185185-26-002997-risk_factors.txt,28596,2026-09-12T20:03:28-04:00
2026-07-17,FEIM,39020,10-K,segment_note,Segment Information,0001185185-26-002997,,text/FEIM/0001185185-26-002997-segment.txt,12902,2026-09-12T20:03:28-04:00
2026-09-10,IBEX,1720420,8-K,earnings_release,"1.01,2.02,2.03,9.01",0001720420-26-000024,ibex-20260910erxexx991.htm,text/IBEX/0001720420-26-000024.txt,24420,2026-09-12T20:03:28-04:00
2026-09-10,IBEX,1720420,10-K,business,1,0001720420-26-000025-business,,text/IBEX/0001720420-26-000025-business.txt,26000,2026-09-12T20:03:28-04:00
2026-09-10,IBEX,1720420,10-K,risk_factors,1A,0001720420-26-000025-risk_factors,,text/IBEX/0001720420-26-000025-risk_factors.txt,41999,2026-09-12T20:03:28-04:00
2026-09-10,IBEX,1720420,10-K,segment_note,Segment Information,0001720420-26-000025,,text/IBEX/0001720420-26-000025-segment.txt,7216,2026-09-12T20:03:28-04:00
2026-09-10,LPTH,889971,8-K,earnings_release,"2.02,9.01",0001437749-26-030074,ex_922995.htm,text/LPTH/0001437749-26-030074.txt,35855,2026-09-12T20:03:28-04:00
2026-09-11,LPTH,889971,10-K,business,1,0001437749-26-030106-business,,text/LPTH/0001437749-26-030106-business.txt,26000,2026-09-12T20:03:28-04:00
2026-09-10,LOVE,1701758,8-K,earnings_release,"2.02,9.01",0001628280-26-061219,q2fy27pressrelease.htm,text/LOVE/0001628280-26-061219.txt,30027,2026-09-12T20:03:28-04:00
2026-04-02,LOVE,1701758,10-K,business,1,0001628280-26-022929-business,,text/LOVE/0001628280-26-022929-business.txt,26000,2026-09-12T20:03:28-04:00
2026-04-02,LOVE,1701758,10-K,risk_factors,1A,0001628280-26-022929-risk_factors,,text/LOVE/0001628280-26-022929-risk_factors.txt,42000,2026-09-12T20:03:28-04:00
2026-09-10,LOVE,1701758,10-Q,segment_note,Segment Information,0001628280-26-061220,,text/LOVE/0001628280-26-061220-segment.txt,9510,2026-09-12T20:03:28-04:00
2026-09-10,M,794367,8-K,earnings_release,"2.02,9.01",0001628280-26-061217,m-20260910xexx991.htm,text/M/0001628280-26-061217.txt,25609,2026-09-12T20:03:28-04:00
2026-03-27,M,794367,10-K,business,1,0001628280-26-021721-business,,text/M/0001628280-26-021721-business.txt,20956,2026-09-12T20:03:28-04:00
2026-03-27,M,794367,10-K,risk_factors,1A,0001628280-26-021721-risk_factors,,text/M/0001628280-26-021721-risk_factors.txt,42000,2026-09-12T20:03:28-04:00
2026-09-10,M,794367,10-Q,segment_note,Segments,0001628280-26-061320,,text/M/0001628280-26-061320-segment.txt,7856,2026-09-12T20:03:28-04:00
2026-09-10,MCFT,1638290,8-K,earnings_release,"2.02,9.01",0001193125-26-387237,mcft-ex99_1.htm,text/MCFT/0001193125-26-387237.txt,31388,2026-09-12T20:03:28-04:00
2026-09-10,MCFT,1638290,10-K,segment_note,SEGMENT INFORMATION,0001193125-26-387432,,text/MCFT/0001193125-26-387432-segment.txt,12862,2026-09-12T20:03:28-04:00
2026-09-10,ORCL,1341439,8-K,earnings_release,"2.02,8.01,9.01",0001193125-26-387905,orcl-ex99_1.htm,text/ORCL/0001193125-26-387905.txt,32735,2026-09-12T20:03:28-04:00
2026-06-22,ORCL,1341439,10-K,business,1,0001193125-26-277521-business,,text/ORCL/0001193125-26-277521-business.txt,26000,2026-09-12T20:03:28-04:00
2026-09-11,ORCL,1341439,10-Q,segment_note,SEGMENT INFORMATION,0001193125-26-389274,,text/ORCL/0001193125-26-389274-segment.txt,15091,2026-09-12T20:03:28-04:00
2026-09-10,RH,1528849,8-K,earnings_release,"2.02,9.01",0001104659-26-106743,rh-20260910xex99d1.htm,text/RH/0001104659-26-106743.txt,1181,2026-09-12T20:03:28-04:00
2026-04-01,RH,1528849,10-K,business,1,0001104659-26-037992-business,,text/RH/0001104659-26-037992-business.txt,26000,2026-09-12T20:03:28-04:00
2026-04-01,RH,1528849,10-K,risk_factors,1A,0001104659-26-037992-risk_factors,,text/RH/0001104659-26-037992-risk_factors.txt,42000,2026-09-12T20:03:28-04:00
2026-09-10,RH,1528849,10-Q,segment_note,SEGMENT REPORTING,0001104659-26-106764,,text/RH/0001104659-26-106764-segment.txt,13693,2026-09-12T20:03:28-04:00
2026-09-10,REF,1787117,8-K,earnings_release,"2.02,9.01",0001628280-26-061327,earningsreleaseq2fy26_.htm,text/REF/0001628280-26-061327.txt,22197,2026-09-12T20:03:28-04:00
2026-09-11,REF,1787117,10-Q,segment_note,Segment Information,0001628280-26-061594,,text/REF/0001628280-26-061594-segment.txt,9369,2026-09-12T20:03:28-04:00
2026-09-10,SHOE,895447,8-K,earnings_release,"2.02,9.01",0001193125-26-387134,shoe-ex99_1.htm,text/SHOE/0001193125-26-387134.txt,27098,2026-09-12T20:03:28-04:00
2026-09-10,SHOE,895447,10-Q,segment_note,Segment Reporting,0001193125-26-387855,,text/SHOE/0001193125-26-387855-segment.txt,9437,2026-09-12T20:03:28-04:00
2026-09-10,VNCE,1579157,8-K,earnings_release,"2.02,9.01",0001193125-26-387188,vnce-ex99_1.htm,text/VNCE/0001193125-26-387188.txt,25134,2026-09-12T20:03:28-04:00
2026-09-11,VNCE,1579157,10-Q,segment_note,Segment Financial Information,0001193125-26-388635,,text/VNCE/0001193125-26-388635-segment.txt,13900,2026-09-12T20:03:28-04:00
2026-09-10,ZUMZ,1318008,8-K,earnings_release,"2.02,9.01",0001171843-26-005980,exh_991.htm,text/ZUMZ/0001171843-26-005980.txt,12149,2026-09-12T20:03:28-04:00
2026-03-12,ZUMZ,1318008,10-K,business,1,0001193125-26-104063-business,,text/ZUMZ/0001193125-26-104063-business.txt,25999,2026-09-12T20:03:28-04:00
2026-03-12,ZUMZ,1318008,10-K,risk_factors,1A,0001193125-26-104063-risk_factors,,text/ZUMZ/0001193125-26-104063-risk_factors.txt,42000,2026-09-12T20:03:28-04:00
2026-09-10,ZUMZ,1318008,10-Q,segment_note,Segment Reporting,0001193125-26-387835,,text/ZUMZ/0001193125-26-387835-segment.txt,8988,2026-09-12T20:03:28-04:00
2026-09-14,BNTC,1808898,8-K,earnings_release,"2.02,9.01",0001193125-26-390539,bntc-ex99_1.htm,text/BNTC/0001193125-26-390539.txt,15011,2026-09-15T17:31:13-04:00
2026-09-14,BNTC,1808898,10-K,business,1,0001193125-26-390570-business,,text/BNTC/0001193125-26-390570-business.txt,26000,2026-09-15T17:31:13-04:00
2026-09-14,BNTC,1808898,10-K,risk_factors,1A,0001193125-26-390570-risk_factors,,text/BNTC/0001193125-26-390570-risk_factors.txt,42000,2026-09-15T17:31:13-04:00
2026-09-14,BNTC,1808898,10-K,segment_note,Segment reporting,0001193125-26-390570,,text/BNTC/0001193125-26-390570-segment.txt,8782,2026-09-15T17:31:13-04:00
2026-09-14,CUBE,1298675,8-K,earnings_release,"2.02,7.01,9.01",0001298675-26-000041,cube-20260914xex99d1.htm,text/CUBE/0001298675-26-000041.txt,25379,2026-09-15T17:31:13-04:00
2026-02-27,CUBE,1298675,10-K,business,1,0001298675-26-000010-business,,text/CUBE/0001298675-26-000010-business.txt,26000,2026-09-15T17:31:13-04:00
2026-02-27,CUBE,1298675,10-K,risk_factors,1A,0001298675-26-000010-risk_factors,,text/CUBE/0001298675-26-000010-risk_factors.txt,42000,2026-09-15T17:31:13-04:00
2026-07-31,CUBE,1298675,10-Q,segment_note,SEGMENT INFORMATION,0001298675-26-000038,,text/CUBE/0001298675-26-000038-segment.txt,10424,2026-09-15T17:31:13-04:00
2026-09-14,PLAY,1525769,8-K,earnings_release,"2.02,9.01",0001525769-26-000039,play-2026q2er8kxexx991.htm,text/PLAY/0001525769-26-000039.txt,26439,2026-09-15T17:31:13-04:00
2026-03-31,PLAY,1525769,10-K,business,1,0001525769-26-000008-business,,text/PLAY/0001525769-26-000008-business.txt,26000,2026-09-15T17:31:13-04:00
2026-03-31,PLAY,1525769,10-K,risk_factors,1A,0001525769-26-000008-risk_factors,,text/PLAY/0001525769-26-000008-risk_factors.txt,42000,2026-09-15T17:31:13-04:00
2026-09-14,PLAY,1525769,10-Q,segment_note,Segment Information,0001525769-26-000038,,text/PLAY/0001525769-26-000038-segment.txt,8979,2026-09-15T17:31:13-04:00
2026-09-14,HAIN,910406,8-K,earnings_release,"1.01,2.02,5.02,7.01,9.01",0001193125-26-389814,hain-ex99_1.htm,text/HAIN/0001193125-26-389814.txt,46974,2026-09-15T17:31:13-04:00
2026-09-14,HAIN,910406,10-K,segment_note,Segment Information,0001193125-26-390505,,text/HAIN/0001193125-26-390505-segment.txt,13227,2026-09-15T17:31:13-04:00
2026-09-14,IMMR,1058811,8-K,earnings_release,"2.02,8.01,9.01",0001193125-26-389915,immr-ex99_1.htm,text/IMMR/0001193125-26-389915.txt,16381,2026-09-15T17:31:13-04:00
2026-07-24,IMMR,1058811,10-K,risk_factors,1A,0001193125-26-316089-risk_factors,,text/IMMR/0001193125-26-316089-risk_factors.txt,42000,2026-09-15T17:31:13-04:00
2026-09-14,IMMR,1058811,10-Q,segment_note,SEGMENT REPORTING,0001193125-26-389919,,text/IMMR/0001193125-26-389919-segment.txt,9343,2026-09-15T17:31:13-04:00
2026-09-14,KMTS,1877184,8-K,earnings_release,"2.02,9.01",0001193125-26-390535,ck0001877184-ex99_1.htm,text/KMTS/0001193125-26-390535.txt,17168,2026-09-15T17:31:13-04:00
2026-09-14,NEWT,1587987,8-K,earnings_release,"2.02,9.01",0001628280-26-061720,a3q2026dividendannouncem.htm,text/NEWT/0001628280-26-061720.txt,3312,2026-09-15T17:31:13-04:00
2026-03-10,NEWT,1587987,10-K,business,1,0001628280-26-016503-business,,text/NEWT/0001628280-26-016503-business.txt,15773,2026-09-15T17:31:13-04:00
2026-03-10,NEWT,1587987,10-K,risk_factors,1A,0001628280-26-016503-risk_factors,,text/NEWT/0001628280-26-016503-risk_factors.txt,42000,2026-09-15T17:31:13-04:00
2026-08-10,NEWT,1587987,10-Q,segment_note,SEGMENTS,0001628280-26-055245,,text/NEWT/0001628280-26-055245-segment.txt,18258,2026-09-15T17:31:13-04:00
2026-09-14,PAGP,1581990,8-K,earnings_release,"1.01,2.02,2.03,8.01,9.01",0001104659-26-107550,tm2625147d1_ex99-1.htm,text/PAGP/0001104659-26-107550.txt,14089,2026-09-15T17:31:13-04:00
2026-02-27,PAGP,1581990,10-K,risk_factors,1A,0001581990-26-000012-risk_factors,,text/PAGP/0001581990-26-000012-risk_factors.txt,42000,2026-09-15T17:31:13-04:00
2026-08-10,PAGP,1581990,10-Q,segment_note,Segment Information,0001581990-26-000025,,text/PAGP/0001581990-26-000025-segment.txt,22951,2026-09-15T17:31:13-04:00
2026-09-14,PBSV,1304161,8-K,earnings_release,"2.02,9.01",0001654954-26-008347,pbsv_ex991.htm,text/PBSV/0001654954-26-008347.txt,3448,2026-09-15T17:31:13-04:00
2026-01-29,PBSV,1304161,10-K,business,1,0001654954-26-000710-business,,text/PBSV/0001654954-26-000710-business.txt,15608,2026-09-15T17:31:13-04:00
2026-01-29,PBSV,1304161,10-K,risk_factors,1A,0001654954-26-000710-risk_factors,,text/PBSV/0001654954-26-000710-risk_factors.txt,31121,2026-09-15T17:31:13-04:00
2026-09-14,PBSV,1304161,10-Q,segment_note,SEGMENT DISCLOSURES,0001654954-26-008346,,text/PBSV/0001654954-26-008346-segment.txt,10782,2026-09-15T17:31:13-04:00
2026-09-14,RFIL,740664,8-K,earnings_release,"2.02,9.01",0001437749-26-030229,ex_1014274.htm,text/RFIL/0001437749-26-030229.txt,15207,2026-09-15T17:31:13-04:00
2026-09-14,RLGT,1171155,8-K,earnings_release,"2.02,9.01",0001193125-26-390772,rlgt-ex99_1.htm,text/RLGT/0001193125-26-390772.txt,29524,2026-09-15T17:31:13-04:00
2026-09-15,EPM,1006655,8-K,earnings_release,"2.02,8.01,9.01",0001104659-26-107957,epm-20260910xex99d1.htm,text/EPM/0001104659-26-107957.txt,35628,2026-09-16T17:27:04-04:00
2026-09-16,EPM,1006655,10-K,business,1,0001104659-26-108258-business,,text/EPM/0001104659-26-108258-business.txt,26000,2026-09-16T17:27:04-04:00
2026-09-16,EPM,1006655,10-K,risk_factors,1A,0001104659-26-108258-risk_factors,,text/EPM/0001104659-26-108258-risk_factors.txt,42000,2026-09-16T17:27:04-04:00
2026-09-15,FPS,2080126,8-K,earnings_release,"2.02,9.01",0002080126-26-000034,exhibit991earningsrelease_.htm,text/FPS/0002080126-26-000034.txt,31033,2026-09-16T17:27:04-04:00
2026-09-15,FPS,2080126,10-K,business,1,0002080126-26-000035-business,,text/FPS/0002080126-26-000035-business.txt,26000,2026-09-16T17:27:04-04:00
2026-09-15,FPS,2080126,10-K,risk_factors,1A,0002080126-26-000035-risk_factors,,text/FPS/0002080126-26-000035-risk_factors.txt,42000,2026-09-16T17:27:04-04:00
2026-09-15,FPS,2080126,10-K,segment_note,Segment Reporting,0002080126-26-000035,,text/FPS/0002080126-26-000035-segment.txt,8674,2026-09-16T17:27:04-04:00
2026-09-15,HSCS,1468492,8-K,earnings_release,"2.02,9.01",0001213900-26-100185,ea030562601ex99-1.htm,text/HSCS/0001213900-26-100185.txt,15332,2026-09-16T17:27:04-04:00
2026-07-23,HSCS,1468492,10-K,business,1,0001437749-26-024337-business,,text/HSCS/0001437749-26-024337-business.txt,26000,2026-09-16T17:27:04-04:00
2026-07-23,HSCS,1468492,10-K,risk_factors,1A,0001437749-26-024337-risk_factors,,text/HSCS/0001437749-26-024337-risk_factors.txt,42000,2026-09-16T17:27:04-04:00
2026-09-15,HUBG,940942,8-K,earnings_release,"1.01,2.02,5.02,7.01,9.01",0001193125-26-391228,d137221dex991.htm,text/HUBG/0001193125-26-391228.txt,12911,2026-09-16T17:27:04-04:00
2025-02-25,HUBG,940942,10-K,business,1,0000950170-25-026866-business,,text/HUBG/0000950170-25-026866-business.txt,25999,2026-09-16T17:27:04-04:00
2025-02-25,HUBG,940942,10-K,risk_factors,1A,0000950170-25-026866-risk_factors,,text/HUBG/0000950170-25-026866-risk_factors.txt,42000,2026-09-16T17:27:04-04:00
2025-11-05,HUBG,940942,10-Q,segment_note,Segment Reporting,0001193125-25-266623,,text/HUBG/0001193125-25-266623-segment.txt,15694,2026-09-16T17:27:04-04:00
2026-09-15,OESX,1409375,8-K,earnings_release,"2.02,9.01",0001193125-26-391540,oesx-ex99_1.htm,text/OESX/0001193125-26-391540.txt,5128,2026-09-16T17:27:04-04:00
2026-06-04,OESX,1409375,10-K,business,1,0001193125-26-257468-business,,text/OESX/0001193125-26-257468-business.txt,20807,2026-09-16T17:27:04-04:00
2026-06-04,OESX,1409375,10-K,risk_factors,1A,0001193125-26-257468-risk_factors,,text/OESX/0001193125-26-257468-risk_factors.txt,42000,2026-09-16T17:27:04-04:00
2026-08-05,OESX,1409375,10-Q,segment_note,SEGMENT DATA,0001193125-26-335206,,text/OESX/0001193125-26-335206-segment.txt,11141,2026-09-16T17:27:04-04:00
2026-09-15,UROY,2143673,8-K,earnings_release,"2.02,9.01",0001493152-26-042740,ex99-1.htm,text/UROY/0001493152-26-042740.txt,10301,2026-09-16T17:27:04-04:00
2026-07-28,UROY,2143673,10-K,business,1,0001193125-26-321135-business,,text/UROY/0001193125-26-321135-business.txt,26000,2026-09-16T17:27:04-04:00
2026-07-28,UROY,2143673,10-K,risk_factors,1A,0001193125-26-321135-risk_factors,,text/UROY/0001193125-26-321135-risk_factors.txt,42000,2026-09-16T17:27:04-04:00
2026-09-14,UROY,2143673,10-Q,segment_note,Segment Information,0001193125-26-390681,,text/UROY/0001193125-26-390681-segment.txt,8031,2026-09-16T17:27:04-04:00
2026-09-15,VRA,1495320,8-K,earnings_release,"2.02,9.01",0001628280-26-061971,ex-99120260801.htm,text/VRA/0001628280-26-061971.txt,23713,2026-09-16T17:27:04-04:00
2026-03-27,VRA,1495320,10-K,business,1,0001628280-26-021640-business,,text/VRA/0001628280-26-021640-business.txt,26000,2026-09-16T17:27:04-04:00
2026-03-27,VRA,1495320,10-K,risk_factors,1A,0001628280-26-021640-risk_factors,,text/VRA/0001628280-26-021640-risk_factors.txt,42000,2026-09-16T17:27:04-04:00
2026-09-15,VRA,1495320,10-Q,segment_note,Segment Reporting,0001628280-26-062019,,text/VRA/0001628280-26-062019-segment.txt,10640,2026-09-16T17:27:04-04:00
2026-09-16,ALMU,1828805,8-K,earnings_release,"2.02,9.01",0001213900-26-100546,ea030562401ex99-1.htm,text/ALMU/0001213900-26-100546.txt,20258,2026-09-17T17:33:49-04:00
2026-09-16,ALMU,1828805,10-K,business,1,0001213900-26-100584-business,,text/ALMU/0001213900-26-100584-business.txt,26000,2026-09-17T17:33:49-04:00
2026-09-16,ALMU,1828805,10-K,risk_factors,1A,0001213900-26-100584-risk_factors,,text/ALMU/0001213900-26-100584-risk_factors.txt,42000,2026-09-17T17:33:49-04:00
2026-09-16,LEN,920760,8-K,earnings_release,"2.02,9.01",0001628280-26-062287,ex991-2026831x8kq3.htm,text/LEN/0001628280-26-062287.txt,27821,2026-09-17T17:33:49-04:00
2026-01-28,LEN,920760,10-K,business,1,0001628280-26-003870-business,,text/LEN/0001628280-26-003870-business.txt,26000,2026-09-17T17:33:49-04:00
2026-01-28,LEN,920760,10-K,risk_factors,1A,0001628280-26-003870-risk_factors,,text/LEN/0001628280-26-003870-risk_factors.txt,41999,2026-09-17T17:33:49-04:00
2026-09-17,HCWC,1948864,8-K,earnings_release,"1.01,2.01,2.02,3.02,3.03,4.01,5.01,5.02,5.03,9.01",0001493152-26-043135,ex99-1.htm,text/HCWC/0001493152-26-043135.txt,11352,2026-09-18T18:41:05-04:00
2026-03-16,HCWC,1948864,10-K,business,1,0001493152-26-010208-business,,text/HCWC/0001493152-26-010208-business.txt,26000,2026-09-18T18:41:05-04:00
2026-08-14,HCWC,1948864,10-Q,segment_note,SEGMENT INFORMATION AND DISAGGREGATION OF REVENUES,0001493152-26-038496,,text/HCWC/0001493152-26-038496-segment.txt,4579,2026-09-18T18:41:05-04:00
2026-09-17,ISPR,1948455,8-K,earnings_release,"2.02,7.01,9.01",0001213900-26-100709,ea030577201ex99-1.htm,text/ISPR/0001213900-26-100709.txt,21445,2026-09-18T18:41:05-04:00
2026-09-15,ISPR,1948455,10-K,business,1,0001213900-26-100146-business,,text/ISPR/0001213900-26-100146-business.txt,25999,2026-09-18T18:41:05-04:00
2026-09-15,ISPR,1948455,10-K,risk_factors,1A,0001213900-26-100146-risk_factors,,text/ISPR/0001213900-26-100146-risk_factors.txt,41999,2026-09-18T18:41:05-04:00
2026-09-17,UPXI,1775194,8-K,earnings_release,"2.02,9.01",0001477932-26-005669,upxi_ex991.htm,text/UPXI/0001477932-26-005669.txt,9776,2026-09-18T18:41:05-04:00
2026-09-17,UPXI,1775194,10-K,business,1,0001477932-26-005668-business,,text/UPXI/0001477932-26-005668-business.txt,26000,2026-09-18T18:41:05-04:00
2026-09-17,UPXI,1775194,10-K,risk_factors,1A,0001477932-26-005668-risk_factors,,text/UPXI/0001477932-26-005668-risk_factors.txt,42000,2026-09-18T18:41:05-04:00
2026-09-17,UPXI,1775194,10-K,segment_note,Segment Information,0001477932-26-005668,,text/UPXI/0001477932-26-005668-segment.txt,2913,2026-09-18T18:41:05-04:00
2026-09-18,BLSM,1839970,8-K,earnings_release,"2.02,9.01",0001193125-26-395031,d266261dex991.htm,text/BLSM/0001193125-26-395031.txt,17344,2026-09-19T20:10:53-04:00
2026-09-18,BLSM,1839970,10-Q,segment_note,Segment Information,0001193125-26-395043,,text/BLSM/0001193125-26-395043-segment.txt,7388,2026-09-19T20:10:53-04:00
2026-09-18,CRT,881787,8-K,earnings_release,"2.02,9.01",0001193125-26-395258,crt-ex99_1.htm,text/CRT/0001193125-26-395258.txt,2266,2026-09-19T20:10:53-04:00
2026-09-18,HGTXU,862022,8-K,earnings_release,"2.02,9.01",0001193125-26-395289,hgtxu-ex99_1.htm,text/HGTXU/0001193125-26-395289.txt,7610,2026-09-19T20:10:53-04:00
2026-03-31,HGTXU,862022,10-K,risk_factors,1A,0001193125-26-133993-risk_factors,,text/HGTXU/0001193125-26-133993-risk_factors.txt,9230,2026-09-19T20:10:53-04:00
2026-09-18,MTR,313364,8-K,earnings_release,"2.02,9.01",0001104659-26-108921,tm2625604d1_ex99-1.htm,text/MTR/0001104659-26-108921.txt,3954,2026-09-19T20:10:53-04:00
2026-03-30,MTR,313364,10-K,business,1,0001104659-26-036896-business,,text/MTR/0001104659-26-036896-business.txt,26000,2026-09-19T20:10:53-04:00
2026-03-30,MTR,313364,10-K,risk_factors,1A,0001104659-26-036896-risk_factors,,text/MTR/0001104659-26-036896-risk_factors.txt,42000,2026-09-19T20:10:53-04:00
2026-09-18,PBT,319654,8-K,earnings_release,"2.02,9.01",0001193125-26-395269,pbt-ex99_1.htm,text/PBT/0001193125-26-395269.txt,10088,2026-09-19T20:10:53-04:00
2026-03-27,PBT,319654,10-K,risk_factors,1A,0001193125-26-128561-risk_factors,,text/PBT/0001193125-26-128561-risk_factors.txt,37534,2026-09-19T20:10:53-04:00
2026-09-18,PRT,1724009,8-K,earnings_release,"2.02,9.01",0001193125-26-395344,prt-ex99_1.htm,text/PRT/0001193125-26-395344.txt,5688,2026-09-19T20:10:53-04:00
2026-09-18,PVL,1520048,8-K,earnings_release,"2.02,9.01",0001104659-26-108946,tm2625684d1_ex99-1.htm,text/PVL/0001104659-26-108946.txt,6639,2026-09-19T20:10:53-04:00
2026-03-23,PVL,1520048,10-K,business,1,0001104659-26-033412-business,,text/PVL/0001104659-26-033412-business.txt,25999,2026-09-19T20:10:53-04:00
2026-03-23,PVL,1520048,10-K,risk_factors,1A,0001104659-26-033412-risk_factors,,text/PVL/0001104659-26-033412-risk_factors.txt,41999,2026-09-19T20:10:53-04:00
2026-09-18,SJT,319655,8-K,earnings_release,"2.02,9.01",0001193125-26-395495,sjt-ex99_1.htm,text/SJT/0001193125-26-395495.txt,6714,2026-09-19T20:10:53-04:00
2026-08-05,CF,1324404,8-K,earnings_release,"2.02,9.01",0001104659-26-091275,tm2622111d1_ex99-1.htm,text/CF/0001104659-26-091275.txt,30841,2026-09-19T21:46:53-04:00
2026-07-31,AAPL,320193,10-Q,mdna,2,0000320193-26-000020-mdna,,text/AAPL/0000320193-26-000020-mdna.txt,21537,2026-09-19T21:46:53-04:00
2026-07-30,AAPL,320193,8-K,earnings_release,"2.02,9.01",0000320193-26-000018,a8-kex991q3202606272026.htm,text/AAPL/0000320193-26-000018.txt,10388,2026-09-19T21:46:53-04:00
2026-08-04,MPC,1510295,8-K,earnings_release,"2.02,9.01",0001510295-26-000060,mpcq22026earningsrelease.htm,text/MPC/0001510295-26-000060.txt,39068,2026-09-19T21:46:53-04:00
2026-08-10,HIMS,1773751,10-Q,mdna,2,0001773751-26-000163-mdna,,text/HIMS/0001773751-26-000163-mdna.txt,73959,2026-09-19T21:46:53-04:00
2026-08-10,HIMS,1773751,8-K,earnings_release,"2.02,9.01",0001773751-26-000161,hims-20260630x8xkearningsr.htm,text/HIMS/0001773751-26-000161.txt,37694,2026-09-19T21:46:53-04:00
2026-02-23,HIMS,1773751,10-K,business,1,0001773751-26-000022-business,,text/HIMS/0001773751-26-000022-business.txt,26000,2026-09-19T21:46:53-04:00
2026-02-23,HIMS,1773751,10-K,risk_factors,1A,0001773751-26-000022-risk_factors,,text/HIMS/0001773751-26-000022-risk_factors.txt,41999,2026-09-19T21:46:53-04:00
2026-08-10,HIMS,1773751,10-Q,segment_note,Segments,0001773751-26-000163,,text/HIMS/0001773751-26-000163-segment.txt,9586,2026-09-19T21:46:53-04:00
2026-08-26,NVDA,1045810,10-Q,mdna,2,0001045810-26-000075-mdna,,text/NVDA/0001045810-26-000075-mdna.txt,37541,2026-09-19T21:46:53-04:00
2026-08-26,NVDA,1045810,8-K,earnings_release,"2.02,9.01",0001045810-26-000073,q2fy27pr.htm,text/NVDA/0001045810-26-000073.txt,22352,2026-09-19T21:46:53-04:00
2026-02-25,NVDA,1045810,10-K,business,1,0001045810-26-000021-business,,text/NVDA/0001045810-26-000021-business.txt,26000,2026-09-19T21:46:53-04:00
2026-02-25,NVDA,1045810,10-K,risk_factors,1A,0001045810-26-000021-risk_factors,,text/NVDA/0001045810-26-000021-risk_factors.txt,42000,2026-09-19T21:46:53-04:00
2026-08-26,NVDA,1045810,10-Q,segment_note,Segment Information,0001045810-26-000075,,text/NVDA/0001045810-26-000075-segment.txt,12983,2026-09-19T21:46:53-04:00
2026-08-04,ALIT,1809104,10-Q,mdna,2,0001628280-26-052636-mdna,,text/ALIT/0001628280-26-052636-mdna.txt,46607,2026-09-19T21:46:53-04:00
2026-08-04,ALIT,1809104,8-K,earnings_release,"2.02,5.02,9.01",0001628280-26-052572,alit-20260630xexx991.htm,text/ALIT/0001628280-26-052572.txt,25545,2026-09-19T21:46:53-04:00
2026-02-24,ALIT,1809104,10-K,business,1,0001628280-26-011108-business,,text/ALIT/0001628280-26-011108-business.txt,20341,2026-09-19T21:46:53-04:00
2026-02-24,ALIT,1809104,10-K,risk_factors,1A,0001628280-26-011108-risk_factors,,text/ALIT/0001628280-26-011108-risk_factors.txt,42000,2026-09-19T21:46:53-04:00
2026-08-04,ALIT,1809104,10-Q,segment_note,Segment Reporting,0001628280-26-052636,,text/ALIT/0001628280-26-052636-segment.txt,9347,2026-09-19T21:46:53-04:00
2026-07-28,SLDE,1886428,8-K,earnings_release,"2.02,9.01",0001193125-26-321067,slde-ex99_1.htm,text/SLDE/0001193125-26-321067.txt,16583,2026-09-19T21:46:53-04:00
2026-08-10,NESR,1698514,10-Q,mdna,2,0001493152-26-036720-mdna,,text/NESR/0001493152-26-036720-mdna.txt,26788,2026-09-19T21:46:53-04:00
2026-08-10,NESR,1698514,8-K,earnings_release,"2.02,7.01,9.01",0001493152-26-036718,ex99-1.htm,text/NESR/0001493152-26-036718.txt,29877,2026-09-19T21:46:53-04:00
2026-03-06,NESR,1698514,10-K,business,1,0001493152-26-009139-business,,text/NESR/0001493152-26-009139-business.txt,26000,2026-09-19T21:46:53-04:00
2026-03-06,NESR,1698514,10-K,risk_factors,1A,0001493152-26-009139-risk_factors,,text/NESR/0001493152-26-009139-risk_factors.txt,41999,2026-09-19T21:46:53-04:00
2026-07-14,JPM,19617,8-K,earnings_release,"2.02,9.01",0001628280-26-048078,a2q26erfexhibit991narrative.htm,text/JPM/0001628280-26-048078.txt,25038,2026-09-19T21:46:53-04:00
2026-07-29,KO,21344,10-Q,mdna,2,0001628280-26-050503-mdna,,text/KO/0001628280-26-050503-mdna.txt,77010,2026-09-19T21:46:53-04:00
2026-07-28,KO,21344,8-K,earnings_release,"2.02,9.01",0001628280-26-049922,a2026q2earningsreleaseex-9.htm,text/KO/0001628280-26-049922.txt,70986,2026-09-19T21:46:53-04:00
2026-08-04,MPC,1510295,10-Q,mdna,2,0001510295-26-000061-mdna,,text/MPC/0001510295-26-000061-mdna.txt,57177,2026-09-19T21:48:21-04:00
2026-08-06,NUTX,1479681,10-Q,mdna,2,0001628280-26-054268-mdna,,text/NUTX/0001628280-26-054268-mdna.txt,77714,2026-09-19T22:13:55-04:00
2026-08-06,NUTX,1479681,8-K,earnings_release,"2.02,9.01",0001628280-26-054274,nutx-20260630xexx99.htm,text/NUTX/0001628280-26-054274.txt,19283,2026-09-19T22:13:55-04:00
2026-03-05,NUTX,1479681,10-K,business,1,0001628280-26-015168-business,,text/NUTX/0001628280-26-015168-business.txt,26000,2026-09-19T22:13:55-04:00
2026-03-05,NUTX,1479681,10-K,risk_factors,1A,0001628280-26-015168-risk_factors,,text/NUTX/0001628280-26-015168-risk_factors.txt,42000,2026-09-19T22:13:55-04:00
2026-08-06,NUTX,1479681,10-Q,segment_note,Segment Information,0001628280-26-054268,,text/NUTX/0001628280-26-054268-segment.txt,8913,2026-09-19T22:13:55-04:00
2026-08-05,COKE,317540,10-Q,mdna,2,0001628280-26-053370-mdna,,text/COKE/0001628280-26-053370-mdna.txt,72399,2026-09-19T22:13:55-04:00
2026-08-05,COKE,317540,8-K,earnings_release,"2.02,9.01",0001628280-26-053365,cokeq22026ex-991.htm,text/COKE/0001628280-26-053365.txt,25806,2026-09-19T22:13:55-04:00
2026-02-18,COKE,317540,10-K,business,1,0001628280-26-009057-business,,text/COKE/0001628280-26-009057-business.txt,26000,2026-09-19T22:13:55-04:00
2026-02-18,COKE,317540,10-K,risk_factors,1A,0001628280-26-009057-risk_factors,,text/COKE/0001628280-26-009057-risk_factors.txt,41999,2026-09-19T22:13:55-04:00
2026-08-05,COKE,317540,10-Q,segment_note,Segments,0001628280-26-053370,,text/COKE/0001628280-26-053370-segment.txt,12310,2026-09-19T22:13:55-04:00
2026-09-04,VSXY,1856437,10-Q,mdna,2,0001856437-26-000021-mdna,,text/VSXY/0001856437-26-000021-mdna.txt,49866,2026-09-19T22:13:55-04:00
2026-09-03,VSXY,1856437,8-K,earnings_release,"2.02,7.01,9.01",0001856437-26-000019,ex991vsxyq22026earningsrel.htm,text/VSXY/0001856437-26-000019.txt,23355,2026-09-19T22:13:55-04:00
2026-03-20,VSXY,1856437,10-K,business,1,0001856437-26-000004-business,,text/VSXY/0001856437-26-000004-business.txt,26000,2026-09-19T22:13:55-04:00
2026-03-20,VSXY,1856437,10-K,risk_factors,1A,0001856437-26-000004-risk_factors,,text/VSXY/0001856437-26-000004-risk_factors.txt,42000,2026-09-19T22:13:55-04:00
2026-09-04,VSXY,1856437,10-Q,segment_note,Segment Information,0001856437-26-000021,,text/VSXY/0001856437-26-000021-segment.txt,9046,2026-09-19T22:13:55-04:00
2026-09-02,AGX,100591,10-Q,mdna,2,0001104659-26-104745-mdna,,text/AGX/0001104659-26-104745-mdna.txt,41711,2026-09-19T22:13:55-04:00
2026-09-02,AGX,100591,8-K,earnings_release,"2.02,9.01",0001104659-26-104735,agx-20260902xex99d1.htm,text/AGX/0001104659-26-104735.txt,14986,2026-09-19T22:13:55-04:00
2026-03-26,AGX,100591,10-K,business,1,0001104659-26-035216-business,,text/AGX/0001104659-26-035216-business.txt,26000,2026-09-19T22:13:55-04:00
2026-03-26,AGX,100591,10-K,risk_factors,1A,0001104659-26-035216-risk_factors,,text/AGX/0001104659-26-035216-risk_factors.txt,42000,2026-09-19T22:13:55-04:00
2026-09-02,AGX,100591,10-Q,segment_note,SEGMENT REPORTING,0001104659-26-104745,,text/AGX/0001104659-26-104745-segment.txt,12638,2026-09-19T22:13:55-04:00
2026-07-23,KALU,811596,10-Q,mdna,2,0001193125-26-314580-mdna,,text/KALU/0001193125-26-314580-mdna.txt,40777,2026-09-19T22:13:55-04:00
2026-07-22,KALU,811596,8-K,earnings_release,"2.02,9.01",0001193125-26-312472,kalu-ex99_1.htm,text/KALU/0001193125-26-312472.txt,24968,2026-09-19T22:13:55-04:00
2026-07-29,JOE,745308,10-Q,mdna,2,0001104659-26-088152-mdna,,text/JOE/0001104659-26-088152-mdna.txt,109399,2026-09-19T22:13:55-04:00
2026-07-29,JOE,745308,8-K,earnings_release,"2.02,8.01,9.01",0001104659-26-088142,joe-20260729xex99d1.htm,text/JOE/0001104659-26-088142.txt,28863,2026-09-19T22:13:55-04:00
2026-02-25,JOE,745308,10-K,business,1,0001104659-26-019676-business,,text/JOE/0001104659-26-019676-business.txt,19617,2026-09-19T22:13:55-04:00
2026-02-25,JOE,745308,10-K,risk_factors,1A,0001104659-26-019676-risk_factors,,text/JOE/0001104659-26-019676-risk_factors.txt,42000,2026-09-19T22:13:55-04:00
2026-07-29,JOE,745308,10-Q,segment_note,Segment Information,0001104659-26-088152,,text/JOE/0001104659-26-088152-segment.txt,14782,2026-09-19T22:13:55-04:00
2026-08-07,ZD,1084048,10-Q,mdna,2,0001084048-26-000046-mdna,,text/ZD/0001084048-26-000046-mdna.txt,65746,2026-09-19T22:13:55-04:00
2026-08-07,ZD,1084048,8-K,earnings_release,"2.02,7.01,9.01",0001084048-26-000043,zd20260630pressrelease.htm,text/ZD/0001084048-26-000043.txt,38699,2026-09-19T22:13:55-04:00
2026-02-24,ZD,1084048,10-K,business,1,0001084048-26-000005-business,,text/ZD/0001084048-26-000005-business.txt,26000,2026-09-19T22:13:55-04:00
2026-02-24,ZD,1084048,10-K,risk_factors,1A,0001084048-26-000005-risk_factors,,text/ZD/0001084048-26-000005-risk_factors.txt,41999,2026-09-19T22:13:55-04:00
2026-08-07,ZD,1084048,10-Q,segment_note,Segment Information,0001084048-26-000046,,text/ZD/0001084048-26-000046-segment.txt,14759,2026-09-19T22:13:55-04:00
2026-07-30,NFG,70145,10-Q,mdna,2,0000070145-26-000033-mdna,,text/NFG/0000070145-26-000033-mdna.txt,101780,2026-09-19T22:13:55-04:00
2026-07-30,NFG,70145,8-K,earnings_release,"2.02,9.01",0000070145-26-000030,nfg-6302026xexhibit99x8k.htm,text/NFG/0000070145-26-000030.txt,64924,2026-09-19T22:13:55-04:00
2025-11-21,NFG,70145,10-K,business,1,0000070145-25-000039-business,,text/NFG/0000070145-25-000039-business.txt,26000,2026-09-19T22:13:55-04:00
2025-11-21,NFG,70145,10-K,risk_factors,1A,0000070145-25-000039-risk_factors,,text/NFG/0000070145-25-000039-risk_factors.txt,42000,2026-09-19T22:13:55-04:00
2026-07-30,NFG,70145,10-Q,segment_note,Business Segment Information,0000070145-26-000033,,text/NFG/0000070145-26-000033-segment.txt,15616,2026-09-19T22:13:55-04:00
2026-08-06,CF,1324404,10-Q,mdna,2,0001324404-26-000019-mdna,,text/CF/0001324404-26-000019-mdna.txt,136604,2026-09-19T22:19:09-04:00
2026-08-05,FLUT,1635327,10-Q,mdna,2,0001635327-26-000056-mdna,,text/FLUT/0001635327-26-000056-mdna.txt,87521,2026-09-21T19:23:18-04:00
2026-08-05,FLUT,1635327,8-K,earnings_release,"2.02,7.01,9.01",0001193125-26-333800,d127369dex991.htm,text/FLUT/0001193125-26-333800.txt,87524,2026-09-21T19:23:18-04:00
2026-02-26,FLUT,1635327,10-K,business,1,0001635327-26-000005-business,,text/FLUT/0001635327-26-000005-business.txt,17297,2026-09-21T19:23:18-04:00
2026-02-26,FLUT,1635327,10-K,risk_factors,1A,0001635327-26-000005-risk_factors,,text/FLUT/0001635327-26-000005-risk_factors.txt,42000,2026-09-21T19:23:18-04:00
2026-08-05,FLUT,1635327,10-Q,segment_note,SEGMENTS AND DISAGGREGATION OF REVENUE,0001635327-26-000056,,text/FLUT/0001635327-26-000056-segment.txt,15589,2026-09-21T19:23:18-04:00
2026-09-01,A,1090872,10-Q,mdna,2,0001090872-26-000064-mdna,,text/A/0001090872-26-000064-mdna.txt,78939,2026-09-21T19:23:18-04:00
2026-08-26,A,1090872,8-K,earnings_release,"2.02,9.01",0001090872-26-000062,exhibit991-q326pressrelease.htm,text/A/0001090872-26-000062.txt,29346,2026-09-21T19:23:18-04:00
2025-12-22,A,1090872,10-K,business,1,0001090872-25-000087-business,,text/A/0001090872-25-000087-business.txt,26000,2026-09-21T19:23:18-04:00
2025-12-22,A,1090872,10-K,risk_factors,1A,0001090872-25-000087-risk_factors,,text/A/0001090872-25-000087-risk_factors.txt,42000,2026-09-21T19:23:18-04:00
2026-09-21,TULP,875355,8-K,earnings_release,"2.02,9.01",0001104659-26-109272,tulp-20260921xex99d1.htm,text/TULP/0001104659-26-109272.txt,25336,2026-09-22T17:29:37-04:00
2026-09-21,TULP,875355,10-K,business,1,0001104659-26-109274-business,,text/TULP/0001104659-26-109274-business.txt,19049,2026-09-22T17:29:37-04:00
2026-09-21,TULP,875355,10-K,risk_factors,1A,0001104659-26-109274-risk_factors,,text/TULP/0001104659-26-109274-risk_factors.txt,42000,2026-09-22T17:29:37-04:00
2026-09-21,EBF,33002,8-K,earnings_release,"2.02,8.01,9.01",0001193125-26-396197,ebf-ex99_1.htm,text/EBF/0001193125-26-396197.txt,13464,2026-09-22T17:29:37-04:00
2026-07-01,EBF,33002,10-Q,segment_note,Segment Reporting,0001193125-26-291652,,text/EBF/0001193125-26-291652-segment.txt,8793,2026-09-22T17:29:37-04:00
2026-09-21,MGLD,1005101,8-K,earnings_release,"2.02,9.01",0001493152-26-043498,ex99-1.htm,text/MGLD/0001493152-26-043498.txt,10863,2026-09-22T17:29:37-04:00
2026-09-18,MGLD,1005101,10-K,business,1,0001493152-26-043341-business,,text/MGLD/0001493152-26-043341-business.txt,26000,2026-09-22T17:29:37-04:00
2026-09-18,MGLD,1005101,10-K,risk_factors,1A,0001493152-26-043341-risk_factors,,text/MGLD/0001493152-26-043341-risk_factors.txt,42000,2026-09-22T17:29:37-04:00
2026-09-18,MGLD,1005101,10-K,segment_note,SEGMENT REPORTING,0001493152-26-043341,,text/MGLD/0001493152-26-043341-segment.txt,9189,2026-09-22T17:29:37-04:00
2026-09-08,DELL,1571996,10-Q,mdna,2,0001571996-26-000046-mdna,,text/DELL/0001571996-26-000046-mdna.txt,80516,2026-09-22T20:42:06-04:00
2026-09-01,DELL,1571996,8-K,earnings_release,"2.02,9.01",0001571996-26-000039,exhibit991earnings8kq2fy27.htm,text/DELL/0001571996-26-000039.txt,28620,2026-09-22T20:42:06-04:00
2026-03-16,DELL,1571996,10-K,business,1,0001571996-26-000008-business,,text/DELL/0001571996-26-000008-business.txt,17626,2026-09-22T20:42:06-04:00
2026-03-16,DELL,1571996,10-K,risk_factors,1A,0001571996-26-000008-risk_factors,,text/DELL/0001571996-26-000008-risk_factors.txt,41999,2026-09-22T20:42:06-04:00
2026-09-08,DELL,1571996,10-Q,segment_note,SEGMENT INFORMATION,0001571996-26-000046,,text/DELL/0001571996-26-000046-segment.txt,13213,2026-09-22T20:42:06-04:00
2026-09-22,AZO,866787,8-K,earnings_release,"2.02,9.01",0001171843-26-006159,exh_991.htm,text/AZO/0001171843-26-006159.txt,17092,2026-09-23T18:23:06-04:00
2025-10-27,AZO,866787,10-K,business,1,0001104659-25-102611-business,,text/AZO/0001104659-25-102611-business.txt,26000,2026-09-23T18:23:06-04:00
2025-10-27,AZO,866787,10-K,risk_factors,1A,0001104659-25-102611-risk_factors,,text/AZO/0001104659-25-102611-risk_factors.txt,42000,2026-09-23T18:23:06-04:00
2026-06-12,AZO,866787,10-Q,segment_note,Segment Reporting,0001104659-26-073525,,text/AZO/0001104659-26-073525-segment.txt,9915,2026-09-23T18:23:06-04:00
2026-09-22,AYTU,1385818,8-K,earnings_release,"2.02,9.01",0001437749-26-030900,ex_955176.htm,text/AYTU/0001437749-26-030900.txt,34891,2026-09-23T18:23:06-04:00
2026-09-22,AYTU,1385818,10-K,business,1,0001437749-26-030908-business,,text/AYTU/0001437749-26-030908-business.txt,26000,2026-09-23T18:23:06-04:00
2026-09-22,AYTU,1385818,10-K,risk_factors,1A,0001437749-26-030908-risk_factors,,text/AYTU/0001437749-26-030908-risk_factors.txt,41999,2026-09-23T18:23:06-04:00
2026-09-22,KBH,795266,8-K,earnings_release,"2.02,9.01",0000795266-26-000068,exh991kbh-earningsrelease0.htm,text/KBH/0000795266-26-000068.txt,21135,2026-09-23T18:23:06-04:00
2026-01-23,KBH,795266,10-K,business,1,0000795266-26-000017-business,,text/KBH/0000795266-26-000017-business.txt,26000,2026-09-23T18:23:06-04:00
2026-01-23,KBH,795266,10-K,risk_factors,1A,0000795266-26-000017-risk_factors,,text/KBH/0000795266-26-000017-risk_factors.txt,42000,2026-09-23T18:23:06-04:00
2026-07-09,KBH,795266,10-Q,segment_note,Segment Information,0000795266-26-000063,,text/KBH/0000795266-26-000063-segment.txt,17969,2026-09-23T18:23:06-04:00
2026-09-22,MLKN,66382,8-K,earnings_release,"2.02,9.01",0000066382-26-000150,mlkn8k_08292026ex991.htm,text/MLKN/0000066382-26-000150.txt,28399,2026-09-23T18:23:06-04:00
2026-07-20,MLKN,66382,10-K,business,1,0000066382-26-000092-business,,text/MLKN/0000066382-26-000092-business.txt,17827,2026-09-23T18:23:06-04:00
2026-07-20,MLKN,66382,10-K,risk_factors,1A,0000066382-26-000092-risk_factors,,text/MLKN/0000066382-26-000092-risk_factors.txt,33518,2026-09-23T18:23:06-04:00
2026-07-20,MLKN,66382,10-K,segment_note,Operating Segments,0000066382-26-000092,,text/MLKN/0000066382-26-000092-segment.txt,13437,2026-09-23T18:23:06-04:00
2026-09-22,THO,730263,8-K,earnings_release,"2.02,7.01,9.01",0000730263-26-000028,thoq4fy26-earningsrelease.htm,text/THO/0000730263-26-000028.txt,25440,2026-09-23T18:23:06-04:00
2026-09-22,THO,730263,10-K,business,1,0000730263-26-000027-business,,text/THO/0000730263-26-000027-business.txt,25999,2026-09-23T18:23:06-04:00
2026-09-22,THO,730263,10-K,risk_factors,1A,0000730263-26-000027-risk_factors,,text/THO/0000730263-26-000027-risk_factors.txt,42000,2026-09-23T18:23:06-04:00
2026-09-22,THO,730263,10-K,segment_note,BUSINESS SEGMENTS,0000730263-26-000027,,text/THO/0000730263-26-000027-segment.txt,14284,2026-09-23T18:23:06-04:00
2026-09-22,WOR,108516,8-K,earnings_release,"2.02,8.01,9.01",0001193125-26-397953,wor-ex99_1.htm,text/WOR/0001193125-26-397953.txt,36193,2026-09-23T18:23:06-04:00
2026-07-30,WOR,108516,10-K,segment_note,Segment Data,0001193125-26-325872,,text/WOR/0001193125-26-325872-segment.txt,20043,2026-09-23T18:23:06-04:00
2026-08-07,SPB,109177,10-Q,mdna,2,0000109177-26-000040-mdna,,text/SPB/0000109177-26-000040-mdna.txt,52051,2026-09-23T20:35:27-04:00
2026-08-07,SPB,109177,8-K,earnings_release,"2.02,9.01",0000109177-26-000038,earningsreleaseexhibit991.htm,text/SPB/0000109177-26-000038.txt,42822,2026-09-23T20:35:27-04:00
2025-11-18,SPB,109177,10-K,business,1,0000109177-25-000043-business,,text/SPB/0000109177-25-000043-business.txt,22917,2026-09-23T20:35:27-04:00
2025-11-18,SPB,109177,10-K,risk_factors,1A,0000109177-25-000043-risk_factors,,text/SPB/0000109177-25-000043-risk_factors.txt,42000,2026-09-23T20:35:27-04:00
2026-08-07,SPB,109177,10-Q,segment_note,SEGMENT INFORMATION,0000109177-26-000040,,text/SPB/0000109177-26-000040-segment.txt,16325,2026-09-23T20:35:27-04:00
2026-09-23,ATCH,1963088,8-K,earnings_release,"2.02,9.01",0001493152-26-043918,ex99-1.htm,text/ATCH/0001493152-26-043918.txt,13545,2026-09-24T18:32:56-04:00
2026-09-24,ATCH,1963088,10-K,business,1,0001493152-26-044008-business,,text/ATCH/0001493152-26-044008-business.txt,26000,2026-09-24T18:32:56-04:00
2026-09-24,ATCH,1963088,10-K,risk_factors,1A,0001493152-26-044008-risk_factors,,text/ATCH/0001493152-26-044008-risk_factors.txt,42000,2026-09-24T18:32:56-04:00
2026-09-24,ATCH,1963088,10-K,segment_note,SEGMENT REPORTING,0001493152-26-044008,,text/ATCH/0001493152-26-044008-segment.txt,7843,2026-09-24T18:32:56-04:00
2026-09-23,CTAS,723254,8-K,earnings_release,"2.02,9.01",0000723254-26-000044,ex992026-8x31.htm,text/CTAS/0000723254-26-000044.txt,22422,2026-09-24T18:32:56-04:00
2026-07-29,CTAS,723254,10-K,business,1,0000723254-26-000028-business,,text/CTAS/0000723254-26-000028-business.txt,10749,2026-09-24T18:32:56-04:00
2026-07-29,CTAS,723254,10-K,risk_factors,1A,0000723254-26-000028-risk_factors,,text/CTAS/0000723254-26-000028-risk_factors.txt,42000,2026-09-24T18:32:56-04:00
2026-07-29,CTAS,723254,10-K,segment_note,Operating Segment Information,0000723254-26-000028,,text/CTAS/0000723254-26-000028-segment.txt,10017,2026-09-24T18:32:56-04:00
2026-09-23,CBRL,1067294,8-K,earnings_release,"2.02,9.01",0001104659-26-109812,tm2625926d1_ex99-1.htm,text/CBRL/0001104659-26-109812.txt,29978,2026-09-24T18:32:56-04:00
2025-09-26,CBRL,1067294,10-K,business,1,0001104659-25-093663-business,,text/CBRL/0001104659-25-093663-business.txt,26000,2026-09-24T18:32:56-04:00
2025-09-26,CBRL,1067294,10-K,risk_factors,1A,0001104659-25-093663-risk_factors,,text/CBRL/0001104659-25-093663-risk_factors.txt,42000,2026-09-24T18:32:56-04:00
2026-06-09,CBRL,1067294,10-Q,segment_note,Segment Information,0001104659-26-071825,,text/CBRL/0001104659-26-071825-segment.txt,9376,2026-09-24T18:32:56-04:00
2026-09-23,GIS,40704,8-K,earnings_release,"2.02,9.01",0001628280-26-063141,a20260923ex99.htm,text/GIS/0001628280-26-063141.txt,43139,2026-09-24T18:32:56-04:00
2026-07-01,GIS,40704,10-K,business,1,0001628280-26-046466-business,,text/GIS/0001628280-26-046466-business.txt,22038,2026-09-24T18:32:56-04:00
2026-07-01,GIS,40704,10-K,risk_factors,1A,0001628280-26-046466-risk_factors,,text/GIS/0001628280-26-046466-risk_factors.txt,29606,2026-09-24T18:32:56-04:00
2026-09-23,GIS,40704,10-Q,segment_note,Business Segment And Geographic Information,0001628280-26-063201,,text/GIS/0001628280-26-063201-segment.txt,13575,2026-09-24T18:32:56-04:00
2026-09-23,NEOV,1748137,8-K,earnings_release,"2.02,9.01",0001683168-26-007324,neovolta_ex9901.htm,text/NEOV/0001683168-26-007324.txt,19633,2026-09-24T18:32:56-04:00
2026-09-23,NEOV,1748137,10-K,business,1,0001683168-26-007333-business,,text/NEOV/0001683168-26-007333-business.txt,24719,2026-09-24T18:32:56-04:00
2026-09-23,NEOV,1748137,10-K,risk_factors,1A,0001683168-26-007333-risk_factors,,text/NEOV/0001683168-26-007333-risk_factors.txt,42000,2026-09-24T18:32:56-04:00
2026-09-23,PAYX,723531,8-K,earnings_release,2.02,0000723531-26-000004,payx-ex99_1.htm,text/PAYX/0000723531-26-000004.txt,22565,2026-09-24T18:32:56-04:00
2026-07-17,PAYX,723531,10-K,business,1,0001193125-26-307785-business,,text/PAYX/0001193125-26-307785-business.txt,26000,2026-09-24T18:32:56-04:00
2026-09-24,PAYX,723531,10-Q,segment_note,Segment Reporting,0000723531-26-000006,,text/PAYX/0000723531-26-000006-segment.txt,7450,2026-09-24T18:32:56-04:00
2026-09-23,SFIX,1576942,8-K,earnings_release,"2.02,9.01",0001628280-26-063208,exhibit991-fy26.htm,text/SFIX/0001628280-26-063208.txt,24022,2026-09-24T18:32:56-04:00
2026-09-24,SFIX,1576942,10-K,business,1,0001628280-26-063365-business,,text/SFIX/0001628280-26-063365-business.txt,21976,2026-09-24T18:32:56-04:00
2026-09-24,SFIX,1576942,10-K,risk_factors,1A,0001628280-26-063365-risk_factors,,text/SFIX/0001628280-26-063365-risk_factors.txt,41999,2026-09-24T18:32:56-04:00
2026-09-24,SFIX,1576942,10-K,segment_note,SEGMENT REPORTING,0001628280-26-063365,,text/SFIX/0001628280-26-063365-segment.txt,8100,2026-09-24T18:32:56-04:00
